-- phpMyAdmin SQL Dump
-- version 3.5.7
-- http://www.phpmyadmin.net
--
-- Host: localhost
-- Czas wygenerowania: 17 Kwi 2013, 20:15
-- Wersja serwera: 5.5.29-0ubuntu0.12.10.1
-- Wersja PHP: 5.4.6-1ubuntu1.2

SET SQL_MODE="NO_AUTO_VALUE_ON_ZERO";
SET AUTOCOMMIT=0;
START TRANSACTION;
SET time_zone = "+00:00";


/*!40101 SET @OLD_CHARACTER_SET_CLIENT=@@CHARACTER_SET_CLIENT */;
/*!40101 SET @OLD_CHARACTER_SET_RESULTS=@@CHARACTER_SET_RESULTS */;
/*!40101 SET @OLD_COLLATION_CONNECTION=@@COLLATION_CONNECTION */;
/*!40101 SET NAMES utf8 */;

--
-- Baza danych: `pnd`
--

--
-- Zrzut danych tabeli `pnd_place`
--

INSERT INTO `pnd_place` (`id`, `name`, `slug`, `short`, `desc`, `address`, `hour_open`, `hour_close`, `phone`, `email`, `website`, `places_uid`) VALUES
(1, 'Staromiejska', 'staromiejska', '', '', 'Szczytna 2/4, Toruń, Polska', NULL, NULL, '56 622 67 25', '', 'http://www.restauracja.torun.pl/', 'a2f17f5bef30906b7922f8221235a90ef7b05530'),
(2, 'McDonald''s', 'mcdonalds', '', '', 'Szeroka 21, Toruń, Polska', NULL, NULL, '56 657 51 32', '', 'http://www.mcdonalds.pl/', '13664cd0860520eaf980c165f51c54d318696a83'),
(3, 'Karczma Gęsia Szyja', 'karczma-gesia-szyja', '', '', 'Podmurna 28, Toruń, Polska', NULL, NULL, '56 621 12 49', '', 'http://www.gesiaszyja.torun.pl/', 'b5912f9240566ca2472bf1699e7b706b1edf6747'),
(4, 'Lotos. Restauracja orientalna. Kuchnia chińska', 'lotos-restauracja-orientalna-kuchnia-chinska', '', '', 'Strumykowa 16, Toruń, Polska', NULL, NULL, '56 660 12 34', '', 'http://www.lotos-torun.pl/', 'f94979eefa1a59050afdbbfd5369bf24962351cb'),
(5, 'Kuranty. Pub', 'kuranty-pub', '', '', 'Rynek Staromiejski 29, Toruń, Polska', NULL, NULL, '56 662 52 52', '', 'http://www.kuranty.ostoyapalace.pl/', '8c103862164ac83212668ba35d0f0a90eef60d8d'),
(6, 'Sphinx', 'sphinx', '', '', 'Żeglarska 31, Toruń, Polska', NULL, NULL, '56 658 32 88', '', 'http://www.sphinx.pl/', '534eedcb3a5857487373e2b0d33c3fb80be969fa'),
(7, 'Spichrz', 'spichrz', '', '', 'Mostowa 1, Toruń, Polska', NULL, NULL, '56 657 11 40', '', 'http://www.spichrz.pl/', 'a5ca8a872997e420f62ff5defff5d091d6094c2b'),
(8, 'Ratusz', 'ratusz', '', '', 'Rynek Staromiejski 1, Toruń, Polska', NULL, NULL, '56 621 02 92', '', 'http://www.bastiontorun.pl/', '4b36396c63492f772c4c5cc51d42d16ebfa04ebb'),
(9, 'Zaczarowana Dorożka', 'zaczarowana-dorozka', '', '', 'Łazienna 24, Toruń, Polska', NULL, NULL, '56 621 14 01', '', 'http://www.zaczarowana-dorozka.com.pl/', '4c20848a3ce2d5fe3245790130eca6a8ae2a8f89'),
(10, 'PROWANSJA', 'prowansja', '', '', 'Szewska 19, Toruń, Polska', NULL, NULL, '56 622 21 11', '', 'http://prowansja.torun.pl/', '1862e1ed1c4ff905d79eb57564e9032f5fd59943'),
(11, 'Pierogarnia Stary Młyn. Podlaszewscy sp.j.', 'pierogarnia-stary-myn-podlaszewscy-spj', '', '', 'Łazienna 28, Toruń, Polska', NULL, NULL, '56 621 03 09', '', 'http://www.pierogarnie.com/', 'dd8dc236dfdbae6b37dfe555934d13d799265f77'),
(12, 'Heban', 'heban', '', '', 'Małe Garbary 7, Toruń, Polska', NULL, NULL, '56 652 15 55', '', 'http://www.hotel-heban.com.pl/', 'bffac7f47ebbaa1826184feac7cb317cea889af1'),
(13, 'Royal India', 'royal-india', '', '', 'Prosta 19, Toruń, Polska', NULL, NULL, '56 652 23 33', '', 'http://www.royalindia.pl/', 'b26127fc9b258edddaf0a7208150d1ab1784064a'),
(14, 'Restauracja Napoletana', 'restauracja-napoletana', '', '', 'Mostowa 3, Toruń, Polska', NULL, NULL, '56 621 06 40', '', 'http://www.napoletana.pl/', '8a75d2924b0a0466ffaf3ba34b85d3404ff1953e'),
(15, 'LA MANCHA RESTAURACJA', 'la-mancha-restauracja', '', '', 'Mostowa 19, Toruń, Polska', NULL, NULL, '664 038 171', '', 'http://www.mancha.pl/', '384225bad7ba8a7d90eae946ee32a8b3d7d32978'),
(16, 'Bufeteria Tartufo', 'bufeteria-tartufo', '', '', 'Małe Garbary 5, Toruń, Polska', NULL, NULL, '56 622 11 77', '', 'http://www.tartufo.pl/', '872e54da45501763510631d0383d301ce8780237'),
(17, 'Retman', 'retman', '', '', 'Rabiańska 15, Toruń, Polska', NULL, NULL, '56 657 44 60', '', 'http://www.hotelretman.pl/', 'c59ba8a0b7081f8f6d15c652d136f1cf175987eb'),
(18, 'Małgośka', 'magoska', '', '', 'Szczytna 10/12, Toruń, Polska', NULL, NULL, '56 622 43 37', '', 'http://www.gtss.com.pl/', 'da359b36e8640ff8bdbf05d37d0eaefd7f9e6238'),
(19, 'Gromada', 'gromada', '', '', 'Żeglarska 10/14, Toruń, Polska', NULL, NULL, '56 622 60 60', '', 'http://www.hotele.gromada.pl/', '1fc42839d20cf22c935839f3b1a9bcff12ab15a4'),
(20, 'K2. Pizzeria', 'k2-pizzeria', '', '', 'Podmurna 36, Toruń, Polska', NULL, NULL, '56 686 02 16', '', 'http://www.k2-pizzeria.pl/', '29e6d54e84322af1b4c745d9188046b901e50a4f'),
(21, 'Barani Łeb. Pub', 'barani-eb-pub', '', '', 'Podmurna 28, Toruń, Polska', NULL, NULL, '56 621 07 10', '', 'http://www.gesiaszyja.torun.pl/', '318e1a8aa60abc1a7d4ea46cb4f9a9f815d0d86f'),
(22, 'U Szwejka. Piwiarnia', 'u-szwejka-piwiarnia', '', '', 'Rynek Staromiejski 36, Toruń, Polska', NULL, NULL, '56 621 11 17', '', 'http://www.szwejk.torun.com.pl/', '60f4728bc31c38ae1043f6628a12c64b79fc3ff3'),
(23, 'LIGA SportClub', 'liga-sportclub', '', '', 'Małe Garbary 13, Toruń, Polska', NULL, NULL, '56 659 13 29', '', 'http://www.liga.torun.pl/', 'b916751499a4db990a88d560c13b412417677c59'),
(24, 'KLUB 21', 'klub-21', '', '', 'Wielkie Garbary 21, Toruń, Polska', NULL, NULL, '609 766 787', '', 'http://klub21.pl/', '4ff2b43470a6f8f7f85bb5e761c3bdda7db93468'),
(25, 'TP Art', 'tp-art', NULL, NULL, 'Łazienna 30, Toruń, Polska', NULL, NULL, '609 061 506', NULL, NULL, '73dad20ddaac98c287d5712d296a19bef0c55708'),
(26, 'Jadwiga. Drink bar', 'jadwiga-drink-bar', NULL, NULL, 'Rynek Staromiejski 1, Toruń, Polska', NULL, NULL, '56 621 02 17', NULL, NULL, '713e0d6ebe7babbcd536a35fc75e61a23ea5c5db'),
(27, 'Next Bar', 'next-bar', NULL, NULL, 'Chełmińska 12, Toruń, Polska', NULL, NULL, '500 691 549', NULL, NULL, '054bd21a832427d9a520683ea1802b0628f0706d'),
(28, 'Cezar. Drink-bar. Koc Z.', 'cezar-drink-bar-koc-z', NULL, NULL, 'Podmurna 38, Toruń, Polska', NULL, NULL, '56 652 13 00', NULL, NULL, '22a682ea91a6a87345ce9b2d750a9287a3ece962'),
(30, 'Beczka', 'beczka', NULL, NULL, 'W piwnicy, Rynek Staromiejski 23, Toruń, Polska', NULL, NULL, '56 471 48 99', NULL, 'http://beczkatorun.pl/', '8d493ecf260bbf9c54e4074dccbd6ffdd698da3d'),
(31, 'Grota. Szostkiewicz B.', 'grota-szostkiewicz-b', NULL, NULL, 'Rynek Staromiejski 24, Toruń, Polska', NULL, NULL, '501 178 666', NULL, NULL, '302265db3e7ad64efc08a6b29970f2a34c5cd9a5'),
(32, 'U Górala. Tawerna', 'u-gorala-tawerna', '', '', 'Szewska 12, Toruń, Polska', NULL, NULL, '18 201 52 06', '', 'http://www.pomiantravel.com/', '4818dfa6700464f5d6c67009ee3389c39c5fd767'),
(33, 'Czeski Sen. Galeria muzyczna', 'czeski-sen-galeria-muzyczna', NULL, NULL, 'Łazienna 9, Toruń, Polska', NULL, NULL, '56 471 57 83', NULL, NULL, '97102a7d9fee7b1757b4d20204d9a2a9ee9a17f9'),
(34, 'Avanti', 'avanti', NULL, NULL, 'Szeroka 8, Toruń, Polska', NULL, NULL, '56 621 11 32', NULL, NULL, 'fe3a6b3935d2f879e943e34d11e3e000023fe590'),
(35, 'Togun', 'togun', NULL, NULL, 'Żeglarska 24, Toruń, Polska', NULL, NULL, '56 621 02 89', NULL, NULL, '57976184e71943273aa9867d37586207dc8fd280'),
(36, 'Lalka', 'lalka', NULL, NULL, 'Szczytna 19, Toruń, Polska', NULL, NULL, '604 399 088', NULL, NULL, '2f89f1c2644bb9a54bb22d708506beab80f2a5a9'),
(37, 'Kozak Aleksandra. Mała gastronomia', 'kozak-aleksandra-maa-gastronomia', NULL, NULL, 'Rynek Staromiejski 3, Toruń, Polska', NULL, NULL, '600 090 460', NULL, NULL, '9579fe932cd4cdec4e0723972aec3cf125dd5d4d'),
(38, 'Zufi. FPHU. Lorek B.a.', 'zufi-fphu-lorek-ba', NULL, NULL, 'Szewska 19, Toruń, Polska', NULL, NULL, '54 288 25 75', NULL, NULL, '07a4b593b91e4dc014142e14b0d801932fae9f8b'),
(39, 'Kurak. Firma handlowo - gastronomiczna', 'kurak-firma-handlowo-gastronomiczna', NULL, NULL, 'Szewska 25, Toruń, Polska', NULL, NULL, '56 621 93 00', NULL, NULL, '478c332493b18ceb40289dafc68c0a45c9fc2ce3'),
(40, 'Rendez-vous', 'rendez-vous', NULL, NULL, 'Strumykowa 5, Toruń, Polska', NULL, NULL, '519 725 309', NULL, 'http://www.rendezvous-club.pl/', 'd253bae0dbaf7607d59dff2125f313425946f9cd'),
(42, 'Capri. Pizzeria', 'capri-pizzeria', '', '', 'Wysoka 9, Toruń, Polska', NULL, NULL, '56 663 44 11', '', 'http://www.capritorun.glt.pl/', '77d399cdd108d06e985578cd67a9aeb478da120e'),
(43, 'Przystanek Pizza', 'przystanek-pizza', NULL, NULL, 'Łazienna 30, Toruń, Polska', NULL, NULL, '56 658 11 22', NULL, NULL, '9c8ab3f6f539adc503f0118f3358a523f64af92e'),
(44, 'Montenegro', 'montenegro', '', '', 'Łazienna 13, Toruń, Polska', NULL, NULL, '56 622 50 50', '', 'http://www.montenegro.torun.pl/', 'a8130ed369ab8ca4f2c4f3035721e8b1d1b49128'),
(45, 'Mekka Orient Grill. Restauracja', 'mekka-orient-grill-restauracja', NULL, NULL, 'Szeroka 34, Toruń, Polska', NULL, NULL, '56 653 93 99', NULL, NULL, '18cab2fb1ebb8e917caa014ec9fbbd0e45236141'),
(47, 'To Tu', 'to-tu', NULL, NULL, 'Rynek Staromiejski 26, Toruń, Polska', NULL, NULL, '56 655 55 09', NULL, 'http://lunchbartotu.pl/', '98c3e1af2b880b8760972f99f316ad717f9bf23b'),
(48, 'Restauracja Luizjana', 'restauracja-luizjana', '', '', 'Mostowa 10, Toruń, Polska', NULL, NULL, '56 692 66 78', '', 'http://www.restauracjaluizjana.pl/', 'd41af555a34d0671647d338e56f7c4a9b59a968f'),
(49, 'Restauracja Vinci', 'restauracja-vinci', '', '', 'Żeglarska 25, Toruń, Polska', NULL, NULL, '56 652 11 61', '', 'http://www.vinci-krakow.pl/', '17a9f41e184abbb5ce09252061522c909774eed8'),
(50, 'Orient Express. Restauracja', 'orient-express-restauracja', NULL, NULL, 'Szewska 6, Toruń, Polska', NULL, NULL, '56 622 64 98', NULL, NULL, 'e3d047ca9c4da225350d8e80117dcd9f2bef375e'),
(52, 'Hanoi. Restauracja orientalna', 'hanoi-restauracja-orientalna', NULL, NULL, '87-100 Toruń; 87-100, Polska', NULL, NULL, '56 652 21 89', NULL, NULL, 'e518cff6a660c1319b81939ff434a91526661812'),
(53, 'Kaskada. Restauracja', 'kaskada-restauracja', NULL, NULL, 'Mostowa 2, Toruń, Polska', NULL, NULL, '52 324 93 32', NULL, NULL, '77d5940e18e80dffd877213edce05e41ea880c5a'),
(54, 'Restauracja Pod Różą', 'restauracja-pod-roza', NULL, NULL, 'Szczytna 19, Toruń, Polska', NULL, NULL, '609 688 879', NULL, NULL, 'ee5ce9a678ee83d30df265a6a2a1e71efdc7c9e3'),
(55, 'Ja Bar. Barszcz Z.', 'ja-bar-barszcz-z', NULL, NULL, 'Szczytna 12, Toruń, Polska', NULL, NULL, '512 156 705', NULL, NULL, '6729f44c74766e6540011cdb94ef606c7c3b9373'),
(56, 'Bar Na Rogu', 'bar-na-rogu', NULL, NULL, 'Szewska 9, Toruń, Polska', NULL, NULL, '56 622 68 50', NULL, NULL, '6b97d21aaf4254427fb870ed74066b2c43fd6b78'),
(57, 'Pestka Cafe Bar', 'pestka-cafe-bar', NULL, NULL, 'Żeglarska 18, Toruń, Polska', NULL, NULL, '502 633 811', NULL, NULL, 'bf241527b939648bea3682eccd08da46b8205eed'),
(58, 'Ptaszarnia. Pub', 'ptaszarnia-pub', NULL, NULL, 'Podmurna, Toruń, Polska', NULL, NULL, '56 621 06 28', NULL, NULL, '5f76ca6941af0d4bef2ed13443af76fbdd64b9d2'),
(59, 'Flis. Pub', 'flis-pub', NULL, NULL, 'Mostowa 14, Toruń, Polska', NULL, NULL, '607 558 249', NULL, NULL, 'a4b1f56db232faac6112f9f8f1e74d55d0ce7974'),
(60, 'Grota Pub Cafe', 'grota-pub-cafe', NULL, NULL, 'Rynek Staromiejski 24, Toruń, Polska', NULL, NULL, '501 178 666', NULL, NULL, 'e507ba1c9c2aea4008f6527ebd47bdd5cfbf20a0'),
(61, 'Paparazzo Klub', 'paparazzo-klub', NULL, NULL, 'Szczytna 2, Toruń, Polska', NULL, NULL, '509 266 054', NULL, NULL, 'a8869d22c8cb2af9b72cb129a84380067ebed7d1'),
(62, 'Madame Chocolat', 'madame-chocolat', '', '', 'Szczytna 3, Toruń, Polska', NULL, NULL, '606 915 006', '', 'http://www.madame-chocolat.pl/', '824bb5fe09a992ea3e6fe0ee1aa824c9f2ecd54c'),
(65, 'Sara. Delikatesy', 'sara-delikatesy', NULL, NULL, 'Szeroka 29, Toruń, Polska', NULL, NULL, '56 621 05 40', NULL, NULL, 'a697e69cf397326231784d2750c4931278ef93aa'),
(66, 'Kamienica Pod Gwiazdą', 'kamienica-pod-gwiazda', NULL, NULL, 'Kamienica Pod Gwiazdą, Rynek Staromiejski 35, Toruń, Polska', NULL, NULL, NULL, NULL, NULL, '824c6ecce9a1b5ee1601f88348b5c106317d5dfd'),
(67, 'Petite Fleur', 'petite-fleur', '', '', 'Piekary 25, Toruń, Polska', NULL, NULL, '56 621 51 00', '', 'http://www.petitefleur.pl/', 'dc00300f8217807145483a1b625f734b8388c9eb'),
(69, 'Manekin', 'manekin', '', '', 'Rynek Staromiejski 16, Toruń, Polska', NULL, NULL, '56 621 05 04', '', 'http://torun.manekin.pl/', 'd140b03f0ac56a61441049b6ef652f71629aa94b'),
(70, 'Sioux. Restauracja', 'sioux-restauracja', '', '', 'Rynek Staromiejski 12, Toruń, Polska', NULL, NULL, '52 621 12 05', '', 'http://www.sioux.com.pl/', 'c048fd943998a09c0648bf32297f742dad23b3df'),
(71, 'Budynek Hotelu Trzy Korony', 'budynek-hotelu-trzy-korony', NULL, NULL, 'Rynek Staromiejski 21, Toruń, Polska', NULL, NULL, '56 622 60 31', NULL, 'http://www.hotel3korony.pl/', 'cb60a8d223b49759ba0ea98f5dbecd2929766878'),
(72, 'Pod Arkadami', 'pod-arkadami', '', '', 'Różana 1, Toruń, Polska', NULL, NULL, '56 622 24 28', '', 'http://www.gtss.com.pl/', '6b440ab5233966a42012ad1926cd9bf00c615bf8'),
(73, 'Cafe Molus', 'cafe-molus', '', '', 'Rynek Staromiejski 19, Toruń, Polska', NULL, NULL, '606 383 563', '', 'http://www.cafemolus.pl/', '0f7a5059d422db7e687e546081922bf385e95e64'),
(74, 'Dom Sushi. Restauracja japońska', 'dom-sushi-restauracja-japonska', '', '', 'Franciszkańska 8, Toruń, Polska', NULL, NULL, '56 652 22 88', '', 'http://www.domsushi.pl/', 'c9488d81a38a2deb8153ff6349027a00fe4322d0'),
(75, 'Pierogarnia Pod Blaszanym Kotem', 'pierogarnia-pod-blaszanym-kotem', '', '', 'Rynek Staromiejski 8, Toruń, Polska', NULL, NULL, '56 622 35 59', '', 'http://www.pierogarniatorun.pl/', 'f649e2fe2faf0bfee07e008d05ce11089fa98607'),
(76, 'Hotel Bulwar', 'hotel-bulwar', '', '', 'Bulwar Filadelfijski 18, Toruń, Polska', NULL, NULL, '56 623 94 00', '', 'http://www.hotelbulwar.pl/', 'd9a5e236012d44eb386ba90cb76cfc3f99a7e138'),
(77, 'Gotyk', 'gotyk', '', '', 'Piekary 20, Toruń, Polska', NULL, NULL, '56 658 40 00', '', 'http://www.hotel-gotyk.com.pl/', '849c46010c3185bc0fedc886c3c3b8c93b0ff308'),
(78, 'Tutu. Jazz Club', 'tutu-jazz-club', '', '', 'Rabiańska 17, Toruń, Polska', NULL, NULL, '56 621 04 31', '', 'http://www.tutujazzclub.pl/', '010be578113a2070225a9c5f5da39377644eaf0d'),
(79, 'Fashion Club. Klub, bar', 'fashion-club-klub-bar', NULL, NULL, 'Panny Marii 11, Toruń, Polska', NULL, NULL, '56 471 11 00', NULL, NULL, '9a78b4ca5584e890191cdfb0a4666cf52e392900'),
(80, 'Bar Mis', 'bar-mis', NULL, NULL, 'Stary Rynek 8, Toruń, Poland', NULL, NULL, '56 622 35 59', NULL, NULL, 'd0d9ccef6d78ae1edc6c93e85bd148bf4346bfbc'),
(81, 'Antałek. Firma gastronomiczno - handlowa. Janiszewski K.', 'antaek-firma-gastronomiczno-handlowa-janiszewski-k', NULL, NULL, 'Ducha Świętego 1, Toruń, Polska', NULL, NULL, '509 722 905', NULL, NULL, '1a22c7a4860bc63d0e978d2b1150068caa533c13'),
(82, 'Deja Vu. Pub', 'deja-vu-pub', NULL, NULL, 'Świętego Ducha 8, Toruń, Polska', NULL, NULL, '605 455 468', NULL, NULL, '149f672a48c145d1593e9b31fd6f45fd77c587d7'),
(83, 'Gil. Pub. Pacek B.', 'gil-pub-pacek-b', NULL, NULL, 'Rabiańska 17, Toruń, Polska', NULL, NULL, '56 663 42 18', NULL, NULL, 'a3906148be5752f845dfc03bb76d1ef1dc91ecae'),
(84, 'Pizzeria Zebra', 'pizzeria-zebra', '', '', 'Franciszkańska 4, Toruń, Polska', NULL, NULL, '56 621 08 94', '', 'http://www.pizzeria-zebra.pl/', '0a287c1946fb4f92733039a018903c5840aa63e8'),
(86, 'Flis. Bistro, restauracja', 'flis-bistro-restauracja', NULL, NULL, 'Fosa Staromiejska 16, Toruń, Polska', NULL, NULL, '56 621 08 07', NULL, NULL, '976808abbbef26a78f57430849bc4b503fea03db'),
(87, 'Salonik. Restauracja', 'salonik-restauracja', NULL, NULL, 'Fosa Staromiejska 10, Toruń, Polska', NULL, NULL, '56 655 56 23', NULL, NULL, '329110e805debfd302a55c359ad278522ba6aca0'),
(88, 'Restauracja Solaris', 'restauracja-solaris', '', '', 'Panny Marii 9, Toruń, Polska', NULL, NULL, '56 471 30 42', '', 'http://www.hotel-solaris.pl/restauracja/', '23292e3e1f69f8d0acd3899b221f2133ebabe866'),
(89, 'SAKURA', 'sakura', NULL, NULL, 'Piekary, Toruń, Polska', NULL, NULL, NULL, NULL, NULL, '3a01c9c26b4934e4e0782e616678fc2d7f9bbe53'),
(90, 'Kawiarnia Bankowa', 'kawiarnia-bankowa', NULL, NULL, 'Mikołaja Kopernika 38, Toruń, Polska', NULL, NULL, '56 621 07 90', NULL, NULL, '00a9edf6d9dd9b5821057a6d94df0fe8dca59438'),
(91, 'Piekarnia Bartkowscy Pod arkadami', 'piekarnia-bartkowscy-pod-arkadami', NULL, NULL, 'Różana 1, Toruń, Polska', NULL, NULL, '56 654 77 83', NULL, 'http://www.piekarniabartkowscy.pl/', 'dd66534200bacc799360b52ae7efb947de1ba43b'),
(92, 'Klub Muzyczny Lizard King', 'klub-muzyczny-lizard-king', '', '', 'Kopernika 3, Toruń, Polska', NULL, NULL, '56 621 02 34', '', 'http://www.lizardking.pl/', 'bdc32b35c5ad82ce9e54f8329b578c6da4d5305c'),
(93, 'Czarna Oberża', 'czarna-oberza', '', '', 'Rabiańska 9, Toruń, Polska', NULL, NULL, '669 100 400', '', 'http://www.gotujemy.pl/index1.html', '27f86095338297e9af60b2ed1ae87bba83d21d4d'),
(94, 'Tomaszewski Bartosz. Firma wielobranżowa', 'tomaszewski-bartosz-firma-wielobranzowa', NULL, NULL, 'Łazienna 9, Toruń, Polska', NULL, NULL, '693 445 808', NULL, NULL, 'c6084e539ad7ab6c8b63dc99dacc0ee49961256e'),
(95, '1231', '1231', NULL, NULL, 'Przedzamcze 6, Toruń, Polska', NULL, NULL, '56 619 09 10', NULL, 'http://www.hotelesolaris.pl/', '8ca472ea10dba430a8aee21b5cc75e2a35efd6eb'),
(96, 'Gospoda Pod Modrym Fartuchem', 'gospoda-pod-modrym-fartuchem', '', '', 'Rynek Nowomiejski 8, Toruń, Polska', NULL, NULL, '56 652 11 88', '', 'http://www.modryfartuch.com/', '2b2a1cb8b9b18129a5427b496304467bb4f925b9'),
(98, 'Karczma u Sołtysa', 'karczma-u-sotysa', '', '', 'Mostowa 17, Toruń, Polska', NULL, NULL, '56 652 26 56', '', 'http://www.starabrowarna.torun.komp.pl/', '97c49897a9f0fab341f1127e255e7e73037554f7'),
(99, 'Kafefajka. Pub', 'kafefajka-pub', '', '', 'Małe Garbary 1, Toruń, Polska', NULL, NULL, '', '', 'http://www.kafefajka.com/', '693aedeb00529a6215f71f349d1d0b5f21494cf5'),
(100, 'Koniec Świata', 'koniec-swiata', '', '', 'Podmurna 4, Toruń, Polska', NULL, NULL, '509 511 339', '', 'http://www.koniec-swiata.pl/', '91a7f8ce5b810fdc29f90fc5c9b963f29088ebdb'),
(101, 'Przepompownia', 'przepompownia', NULL, NULL, 'Mostowa 9, Toruń, Polska', NULL, NULL, '602 152 345', NULL, NULL, '3e216c829f1100251223679fa9c1f5da14fc437c'),
(102, 'Mała gastronomia Kus E.', 'maa-gastronomia-kus-e', NULL, NULL, 'Wielkie Garbary 6, Toruń, Polska', NULL, NULL, '56 652 14 34', NULL, NULL, 'dae18b69663701cd8888aacef64aac304ad6fbac'),
(104, 'Smocze Oko', 'smocze-oko', NULL, NULL, 'Przedzamcze 18, Toruń, Polska', NULL, NULL, '664 448 080', NULL, NULL, 'bfc0a8f38405088ee3abf7f1658248175222ded0'),
(105, 'Restauracja Zamkowa', 'restauracja-zamkowa', NULL, NULL, 'Przedzamcze 5, Toruń, Polska', NULL, NULL, '56 622 22 33', NULL, NULL, '73eae9367d0b933a78825789e1351d07c8d06638'),
(106, 'Dom Eskenów. Oddział Muzeum Okręgowego', 'dom-eskenow-oddzia-muzeum-okregowego', '', '', 'Dom Eskenów. Oddział Muzeum Okręgowego, Łazienna 16, Toruń, Polska', NULL, NULL, '', '', '', 'f8751f77e1a21d33ed354b9e115818030896cb0a'),
(107, 'Naleśnikarnia Manekin', 'nalesnikarnia-manekin', '', '', 'Wysoka 5, Toruń, Polska', NULL, NULL, '56 621 05 04', '', 'http://manekin.pl/', 'a59042dffc8c0c7c73b5857822997f1772dc7aad'),
(108, 'Telepizza', 'telepizza', '', '', 'Rynek Nowomiejski 4, Toruń, Polska', NULL, NULL, '56 663 59 00', '', 'http://www.telepizza.pl/', '00a19516f950ea255f638af6eff449fd4a7b8c2c'),
(109, 'Koi Sushi', 'koi-sushi', '', '', 'Małe Garbary 19, Toruń, Polska', NULL, NULL, '56 622 04 98', '', 'http://www.koi-sushi.pl/', 'e37636607150e81907edcd482bbd9c4a9908db8c'),
(110, 'Powszechny. Minibar. Rożek K.', 'powszechny-minibar-rozek-k', NULL, NULL, 'Rynek Nowomiejski 19, Toruń, Polska', NULL, NULL, '56 622 82 65', NULL, NULL, 'ef746c14716f23b590dbada1a3d5731c19b5f010'),
(111, 'Pokusa. Mała gastronomia. Klonowska J.', 'pokusa-maa-gastronomia-klonowska-j', NULL, NULL, 'Małe Garbary 20, Toruń, Polska', NULL, NULL, '56 663 45 30', NULL, NULL, '2c8b405ff227e58ff3452cdd8f7b79f3652f5212'),
(112, 'Bunkier', 'bunkier', '', '', 'Wola Zamkowa 2, Toruń, Polska', NULL, NULL, '796 558 469', '', 'https://www.facebook.com/klubbunkier', '4234164970cbafc11e49777102602a15b6b9fcfd'),
(113, 'Pizzeria', 'pizzeria', NULL, NULL, 'Wysoka 3, Toruń, Polska', NULL, NULL, '56 471 35 47', NULL, 'http://www.pizzeriavenus.pl/', 'bc04e54ded24909e00b8b0051ea0a4e6d876b857'),
(114, 'Piccolo. Pizzeria. Sztejn D.', 'piccolo-pizzeria-sztejn-d', NULL, NULL, 'Prosta 20, Toruń, Polska', NULL, NULL, '56 621 06 78', NULL, 'http://www.piccolo.poznan.pl/', '28d4e27bec1ae1374891b61c5d68b91767d05c2e'),
(115, 'Mirawers s.c. Purgała-Głodowska M., Majchrzak G.', 'mirawers-sc-purgaa-godowska-m-majchrzak-g', NULL, NULL, 'świętej Katarzyny 6, Toruń, Polska', NULL, NULL, '56 657 66 66', NULL, NULL, '09df791939883c4b5747146c7de624d350b2ead3'),
(116, 'Od Zmierzchu do Świtu. Pizzeria', 'od-zmierzchu-do-switu-pizzeria', NULL, NULL, 'Browarna 1, Toruń, Polska', NULL, NULL, '56 622 67 32', NULL, NULL, '9563788b680960f4b434c80bc7d31d57db97e91d'),
(117, 'Gortat K.t.d.', 'gortat-ktd', NULL, NULL, 'Rynek Nowomiejski 4, Toruń, Polska', NULL, NULL, '56 663 59 03', NULL, NULL, '371a691797edbd0f4d9f227c66e939011d6fff5c'),
(118, 'Vir. Pizzeria. Skrobiszewski W.', 'vir-pizzeria-skrobiszewski-w', NULL, NULL, 'Browarna 1, Toruń, Polska', NULL, NULL, '56 652 10 14', NULL, NULL, '5bd2df6d9f83e84718f91d1f33a93f69119c7e77'),
(119, 'Dagny. Restauracja', 'dagny-restauracja', NULL, NULL, 'świętego Jakuba 13, Toruń, Polska', NULL, NULL, '56 620 00 54', NULL, NULL, '2ea6c6d9b3f02a964eb07167697ff31e9ed863ad'),
(120, 'Beijing. Restauracja chińska. Ma Lijeng', 'beijing-restauracja-chinska-ma-lijeng', NULL, NULL, 'świętej Katarzyny 4, Toruń, Polska', NULL, NULL, '606 827 935', NULL, NULL, '2e3c5106d242c57d18b8a0d99cc6906fab5c810c'),
(121, 'Hanoi Bar Restauracyjny', 'hanoi-bar-restauracyjny', NULL, NULL, 'świętej Katarzyny 6, Toruń, Polska', NULL, NULL, '56 652 21 89', NULL, NULL, 'd2897fb3486fb84dc6197d27bf2139653ccf1564'),
(122, 'Lenkiewicz s.c. Lenkiewicz M.M.', 'lenkiewicz-sc-lenkiewicz-mm', '', '', 'Wielkie Garbary 14, Toruń, Polska', NULL, NULL, '56 622 56 35', '', 'http://www.lenkiewicz.net/', '7255d963206c8e2980bb3813d86bbd6442cef299'),
(123, 'Pierogarnia Leniwa Toruń', 'pierogarnia-leniwa-torun', NULL, NULL, 'Ślusarska 5, Toruń, Polska', NULL, NULL, '56 477 54 03', NULL, 'http://www.leniwa.pl/', 'b1220f5328faf4acc3a8a832ae604686a18e03b2'),
(124, 'Restauracja „Po naszemu”', 'restauracja-po-naszemu', NULL, NULL, 'Dominikańska 9, Toruń, Polska', NULL, NULL, '56 646 16 49', NULL, 'http://www.ponaszemu.pl/', 'b74b482999025c4759dea8c6350b2a8acb0a57b9'),
(125, 'Pierogarnia Stary Toruń', 'pierogarnia-stary-torun', '', '', 'Most Pauliński 2, Toruń, Polska', NULL, NULL, '56 621 10 46', '', 'http://www.pierogarnie.com/', 'f6f2a1e79c2c667e7c18f51ae3d0e16d88eb4fb1'),
(126, 'Piąta Klepka', 'piata-klepka', NULL, NULL, 'Podmurna 34, Toruń, Polska', NULL, NULL, '56 621 00 08', NULL, NULL, '4f69f17c654e798ae6cc7bb635ca2431b599c7b7'),
(129, 'Sklep Zielarsko-Medyczny "Medicus"', 'sklep-zielarsko-medyczny-medicus', NULL, NULL, 'Prosta 33, Toruń, Polska', NULL, NULL, '506 284 515', NULL, NULL, '41b238887ad5d797700ce350c7b93e1ebf707046'),
(130, 'Pasta & Basta', 'pasta-basta', '', '', 'Rynek Staromiejski 10, Toruń, Polska', NULL, NULL, '56 652 00 44', '', 'http://www.pastaandbasta.com/', '384d65fd773a9654f3e4258b288420219c78aa25'),
(131, 'Tawerna Artemis', 'tawerna-artemis', NULL, NULL, 'Rynek Staromiejski 10, Toruń, Polska', NULL, NULL, '56 622 00 35', NULL, NULL, '6fe09366d205ac00fec09807ddbb200f9623cc93'),
(132, 'Struna Światła', 'struna-swiata', NULL, NULL, 'Rynek Staromiejski 6, Toruń, Polska', NULL, NULL, NULL, NULL, NULL, '78f62b37ed89a4409a3b66428a63bbd99e7ff107'),
(135, 'Maska', 'maska', '', '', 'Plac Teatralny 1, Toruń, Polska', NULL, NULL, '516 188 674', '', 'http://www.maska.torun.pl/', '91906f2e3109d7d1485e32bc720f4d94e5ce02a3'),
(136, 'Hetmański. Bar. Fischer J.', 'hetmanski-bar-fischer-j', NULL, NULL, 'Plac Teatralny 2, Toruń, Polska', NULL, NULL, '56 621 82 13', NULL, NULL, '37c62add3fb6c1e28736f3f4529f86b7336b6c67'),
(137, 'Moon s.c. Durmowicz M., Dębowski D.', 'moon-sc-durmowicz-m-debowski-d', NULL, NULL, 'Plac Teatralny 5, Toruń, Polska', NULL, NULL, '604 611 119', NULL, NULL, '853014ce806a45c364a50fe1e4b0633762dd83c4'),
(138, 'Narzeczona Kopernika', 'narzeczona-kopernika', '', '', 'Podmurna 93, Toruń, Polska', NULL, NULL, '515 275 660', '', 'https://www.facebook.com/narzeczonakopernika', '18697758e330f365f789d8c6ffd76cf81599a7cd'),
(140, 'Monaco', 'monaco', NULL, NULL, 'Chełmińska 12, Toruń, Polska', NULL, NULL, NULL, NULL, NULL, 'f65e2015cbbbdf973a8366ca514a781b7fa476c6'),
(141, 'Kona Coast Cafe', 'kona-coast-cafe', '', '', 'Chełmińska 18, Toruń, Polska', NULL, NULL, '56 664 00 49', '', 'http://konacoastcafe.pl/', 'ee58874b61e46708ee5fc29a618119467ff1cde8'),
(142, 'Grochowalski Jarosław. Piekarnia', 'grochowalski-jarosaw-piekarnia', NULL, NULL, 'Podmurna 99, Toruń, Polska', NULL, NULL, '56 645 41 41', NULL, NULL, '7ce2c5e9b67487d2a73660893c1589c5c9973c04'),
(143, 'Relaks. Kawiarnia', 'relaks-kawiarnia', '', '', 'Szewska 4, Toruń, Polska', NULL, NULL, '56 621 05 84', '', 'https://www.facebook.com/kawiarniarelaks', '57e6ba8a507aebe47b54703e35efcc0c672d5244'),
(144, 'Kowalski Wojciech. Piekarnia', 'kowalski-wojciech-piekarnia', NULL, NULL, 'Szczytna 18, Toruń, Polska', NULL, NULL, '56 622 60 86', NULL, NULL, '7cd62eba40d964491ddca8156a03ffc761d30cd8'),
(145, 'Cafe Draże', 'cafe-draze', NULL, NULL, 'Przedzamcze 6B, Toruń, Polska', NULL, NULL, '660 588 779', NULL, NULL, '8eee9ca8912fd354ea4c2a5f5cb0995dfafee29e'),
(146, 'Herbaciarnia "Tea For Two"', 'herbaciarnia-tea-for-two', '', '', 'Ducha Świętego 15, Toruń, Polska', NULL, NULL, '881 681 136', '', 'http://teafortwo.pl/', 'ff3281b14ae89e80a58ce9a46d019ac84709e6be'),
(147, 'Top-Art. Galeria. Dylewski W.', 'top-art-galeria-dylewski-w', NULL, NULL, 'Mikołaja Kopernika 21, Toruń, Polska', NULL, NULL, '56 621 08 46', NULL, NULL, 'a1610b10ae71d4ac569208495cbd9ba30ed96b83'),
(148, 'Sklep spożywczy PSS Społem', 'sklep-spozywczy-pss-spoem', NULL, NULL, 'Mikołaja Kopernika 23, Toruń, Polska', NULL, NULL, '56 655 56 52', NULL, NULL, '787cbcf90b92bae5bf8fff8c06fe7040a797de34'),
(150, 'Dom Mikołaja Kopernika', 'dom-mikoaja-kopernika', '', '', 'Mikołaja Kopernika 15/17, Toruń, Polska', NULL, NULL, '56 622 70 38', '', 'http://www.muzeum.torun.pl/', '353c425aa208499269835e0a0e623fd6f50f7cca'),
(151, 'Muzeum Mikołaja Kopernika', 'muzeum-mikoaja-kopernika', '', '', 'Mikołaja Kopernika 15/19, Toruń, Polska', NULL, NULL, '56 660 56 83', '', 'http://www.muzeum.torun.pl/portal.php?aid=1200567144478f3368653f2', 'd89de59c145b69a9c03d1803ecd6ef8a58f8e21b'),
(153, 'To-Tur Toruńska Turystyka. FUH. Olszewska E.', 'to-tur-torunska-turystyka-fuh-olszewska-e', NULL, NULL, 'To-Tur Toruńska Turystyka. FUH. Olszewska E., Rabiańska 9, Toruń, Polska', NULL, NULL, NULL, NULL, NULL, '221b139a3520c44b32e6b7bb0a033fa49922b546'),
(154, 'Muzeum Piernika', 'muzeum-piernika', '', '', 'Rabiańska 9, Toruń, Polska', NULL, NULL, '56 663 66 17', '', 'http://www.muzeumpiernika.pl/', '2e5735cdbc3f57a62471dba9833d634c1faee522'),
(155, 'To-Tur Toruńska Turystyka. FUH. Olszewska E.', 'to-tur-torunska-turystyka-fuh-olszewska-e-2', NULL, NULL, 'Rabiańska 9, Toruń, Polska', NULL, NULL, '56 663 66 17', NULL, NULL, '29398d4aba8a9946163ec145df10059b3331dc46'),
(158, 'Tumult. Kino', 'tumult-kino', '', '', 'Rynek Nowomiejski 28, Toruń, Polska', NULL, NULL, '56 621 00 19', '', 'http://www.tumult.pl/', 'b1937522dd6abe8b272d39107169742ec67b0bd3'),
(160, 'Hantor Bis Sp. z o.o.', 'hantor-bis-sp-z-oo', NULL, NULL, 'Prosta 2, Toruń, Polska', NULL, NULL, '56 653 92 76', NULL, NULL, '03328b4eb778c67f825da9560bef88a06409352a'),
(161, 'Smaki Consonni', 'smaki-consonni', NULL, NULL, 'Rynek Nowomiejski 9, Toruń, Polska', NULL, NULL, '505 445 532', NULL, NULL, '0e593e22715f0c14dc465c51e411be8ca4b6ef00');

--
-- Zrzut danych tabeli `pnd_placephotos`
--

INSERT INTO `pnd_placephotos` (`id`, `place_id`, `photo`, `photo_thumbnail`, `desc`) VALUES
(1, 1, 'media/places/photo.jpg', 'media/places_thumbnails/photo.jpg', NULL),
(2, 6, 'media/places/photo_1.jpg', 'media/places_thumbnails/photo_1.jpg', NULL),
(3, 7, 'media/places/photo_2.jpg', 'media/places_thumbnails/photo_2.jpg', NULL),
(4, 7, 'media/places/photo_3.jpg', 'media/places_thumbnails/photo_3.jpg', NULL),
(5, 7, 'media/places/photo_4.jpg', 'media/places_thumbnails/photo_4.jpg', NULL),
(6, 7, 'media/places/photo_5.jpg', 'media/places_thumbnails/photo_5.jpg', NULL),
(7, 7, 'media/places/photo_6.jpg', 'media/places_thumbnails/photo_6.jpg', NULL),
(8, 7, 'media/places/photo_7.jpg', 'media/places_thumbnails/photo_7.jpg', NULL),
(9, 7, 'media/places/photo_8.jpg', 'media/places_thumbnails/photo_8.jpg', NULL),
(10, 7, 'media/places/photo_9.jpg', 'media/places_thumbnails/photo_9.jpg', NULL),
(11, 7, 'media/places/photo_10.jpg', 'media/places_thumbnails/photo_10.jpg', NULL),
(12, 7, 'media/places/photo_11.jpg', 'media/places_thumbnails/photo_11.jpg', NULL),
(13, 10, 'media/places/photo_12.jpg', 'media/places_thumbnails/photo_12.jpg', NULL),
(14, 12, 'media/places/photo_13.jpg', 'media/places_thumbnails/photo_13.jpg', NULL),
(15, 12, 'media/places/photo_14.jpg', 'media/places_thumbnails/photo_14.jpg', NULL),
(16, 12, 'media/places/photo_15.jpg', 'media/places_thumbnails/photo_15.jpg', NULL),
(17, 12, 'media/places/photo_16.jpg', 'media/places_thumbnails/photo_16.jpg', NULL),
(18, 12, 'media/places/photo_17.jpg', 'media/places_thumbnails/photo_17.jpg', NULL),
(19, 12, 'media/places/photo_18.jpg', 'media/places_thumbnails/photo_18.jpg', NULL),
(20, 12, 'media/places/photo_19.jpg', 'media/places_thumbnails/photo_19.jpg', NULL),
(21, 12, 'media/places/photo_20.jpg', 'media/places_thumbnails/photo_20.jpg', NULL),
(22, 12, 'media/places/photo_21.jpg', 'media/places_thumbnails/photo_21.jpg', NULL),
(23, 12, 'media/places/photo_22.jpg', 'media/places_thumbnails/photo_22.jpg', NULL),
(24, 14, 'media/places/photo_23.jpg', 'media/places_thumbnails/photo_23.jpg', NULL),
(25, 15, 'media/places/photo_24.jpg', 'media/places_thumbnails/photo_24.jpg', NULL),
(26, 15, 'media/places/photo_25.jpg', 'media/places_thumbnails/photo_25.jpg', NULL),
(27, 15, 'media/places/photo_26.jpg', 'media/places_thumbnails/photo_26.jpg', NULL),
(28, 15, 'media/places/photo_27.jpg', 'media/places_thumbnails/photo_27.jpg', NULL),
(29, 15, 'media/places/photo_28.jpg', 'media/places_thumbnails/photo_28.jpg', NULL),
(30, 15, 'media/places/photo_29.jpg', 'media/places_thumbnails/photo_29.jpg', NULL),
(31, 15, 'media/places/photo_30.jpg', 'media/places_thumbnails/photo_30.jpg', NULL),
(32, 17, 'media/places/photo_31.jpg', 'media/places_thumbnails/photo_31.jpg', NULL),
(33, 17, 'media/places/photo_32.jpg', 'media/places_thumbnails/photo_32.jpg', NULL),
(34, 17, 'media/places/photo_33.jpg', 'media/places_thumbnails/photo_33.jpg', NULL),
(35, 17, 'media/places/photo_34.jpg', 'media/places_thumbnails/photo_34.jpg', NULL),
(36, 17, 'media/places/photo_35.jpg', 'media/places_thumbnails/photo_35.jpg', NULL),
(37, 17, 'media/places/photo_36.jpg', 'media/places_thumbnails/photo_36.jpg', NULL),
(38, 17, 'media/places/photo_37.jpg', 'media/places_thumbnails/photo_37.jpg', NULL),
(39, 17, 'media/places/photo_38.jpg', 'media/places_thumbnails/photo_38.jpg', NULL),
(40, 17, 'media/places/photo_39.jpg', 'media/places_thumbnails/photo_39.jpg', NULL),
(41, 17, 'media/places/photo_40.jpg', 'media/places_thumbnails/photo_40.jpg', NULL),
(42, 23, 'media/places/photo_41.jpg', 'media/places_thumbnails/photo_41.jpg', NULL),
(43, 23, 'media/places/photo_42.jpg', 'media/places_thumbnails/photo_42.jpg', NULL),
(47, 40, 'media/places/photo_46.jpg', 'media/places_thumbnails/photo_46.jpg', NULL),
(48, 40, 'media/places/photo_47.jpg', 'media/places_thumbnails/photo_47.jpg', NULL),
(49, 40, 'media/places/photo_48.jpg', 'media/places_thumbnails/photo_48.jpg', NULL),
(50, 48, 'media/places/photo_49.jpg', 'media/places_thumbnails/photo_49.jpg', NULL),
(51, 48, 'media/places/photo_50.jpg', 'media/places_thumbnails/photo_50.jpg', NULL),
(52, 48, 'media/places/photo_51.jpg', 'media/places_thumbnails/photo_51.jpg', NULL),
(53, 48, 'media/places/photo_52.jpg', 'media/places_thumbnails/photo_52.jpg', NULL),
(54, 62, 'media/places/photo_53.jpg', 'media/places_thumbnails/photo_53.jpg', NULL),
(55, 62, 'media/places/photo_54.jpg', 'media/places_thumbnails/photo_54.jpg', NULL),
(56, 62, 'media/places/photo_55.jpg', 'media/places_thumbnails/photo_55.jpg', NULL),
(57, 62, 'media/places/photo_56.jpg', 'media/places_thumbnails/photo_56.jpg', NULL),
(58, 62, 'media/places/photo_57.jpg', 'media/places_thumbnails/photo_57.jpg', NULL),
(59, 62, 'media/places/photo_58.jpg', 'media/places_thumbnails/photo_58.jpg', NULL),
(70, 69, 'media/places/photo_69.jpg', 'media/places_thumbnails/photo_69.jpg', NULL),
(71, 73, 'media/places/photo_70.jpg', 'media/places_thumbnails/photo_70.jpg', NULL),
(72, 73, 'media/places/photo_71.jpg', 'media/places_thumbnails/photo_71.jpg', NULL),
(73, 73, 'media/places/photo_72.jpg', 'media/places_thumbnails/photo_72.jpg', NULL),
(74, 73, 'media/places/photo_73.jpg', 'media/places_thumbnails/photo_73.jpg', NULL),
(75, 73, 'media/places/photo_74.jpg', 'media/places_thumbnails/photo_74.jpg', NULL),
(76, 73, 'media/places/photo_75.jpg', 'media/places_thumbnails/photo_75.jpg', NULL),
(77, 73, 'media/places/photo_76.jpg', 'media/places_thumbnails/photo_76.jpg', NULL),
(78, 73, 'media/places/photo_77.jpg', 'media/places_thumbnails/photo_77.jpg', NULL),
(79, 73, 'media/places/photo_78.jpg', 'media/places_thumbnails/photo_78.jpg', NULL),
(80, 74, 'media/places/photo_79.jpg', 'media/places_thumbnails/photo_79.jpg', NULL),
(81, 74, 'media/places/photo_80.jpg', 'media/places_thumbnails/photo_80.jpg', NULL),
(82, 74, 'media/places/photo_81.jpg', 'media/places_thumbnails/photo_81.jpg', NULL),
(83, 74, 'media/places/photo_82.jpg', 'media/places_thumbnails/photo_82.jpg', NULL),
(84, 74, 'media/places/photo_83.jpg', 'media/places_thumbnails/photo_83.jpg', NULL),
(85, 74, 'media/places/photo_84.jpg', 'media/places_thumbnails/photo_84.jpg', NULL),
(86, 74, 'media/places/photo_85.jpg', 'media/places_thumbnails/photo_85.jpg', NULL),
(87, 74, 'media/places/photo_86.jpg', 'media/places_thumbnails/photo_86.jpg', NULL),
(88, 76, 'media/places/photo_87.jpg', 'media/places_thumbnails/photo_87.jpg', NULL),
(89, 76, 'media/places/photo_88.jpg', 'media/places_thumbnails/photo_88.jpg', NULL),
(90, 76, 'media/places/photo_89.jpg', 'media/places_thumbnails/photo_89.jpg', NULL),
(91, 76, 'media/places/photo_90.jpg', 'media/places_thumbnails/photo_90.jpg', NULL),
(92, 95, 'media/places/photo_91.jpg', 'media/places_thumbnails/photo_91.jpg', NULL),
(93, 95, 'media/places/photo_92.jpg', 'media/places_thumbnails/photo_92.jpg', NULL),
(94, 95, 'media/places/photo_93.jpg', 'media/places_thumbnails/photo_93.jpg', NULL),
(95, 95, 'media/places/photo_94.jpg', 'media/places_thumbnails/photo_94.jpg', NULL),
(96, 95, 'media/places/photo_95.jpg', 'media/places_thumbnails/photo_95.jpg', NULL),
(97, 95, 'media/places/photo_96.jpg', 'media/places_thumbnails/photo_96.jpg', NULL),
(98, 95, 'media/places/photo_97.jpg', 'media/places_thumbnails/photo_97.jpg', NULL),
(99, 95, 'media/places/photo_98.jpg', 'media/places_thumbnails/photo_98.jpg', NULL),
(100, 95, 'media/places/photo_99.jpg', 'media/places_thumbnails/photo_99.jpg', NULL),
(101, 95, 'media/places/photo_100.jpg', 'media/places_thumbnails/photo_100.jpg', NULL),
(102, 107, 'media/places/photo_101.jpg', 'media/places_thumbnails/photo_101.jpg', NULL),
(103, 124, 'media/places/photo_102.jpg', 'media/places_thumbnails/photo_102.jpg', NULL),
(104, 124, 'media/places/photo_103.jpg', 'media/places_thumbnails/photo_103.jpg', NULL),
(105, 124, 'media/places/photo_104.jpg', 'media/places_thumbnails/photo_104.jpg', NULL),
(106, 124, 'media/places/photo_105.jpg', 'media/places_thumbnails/photo_105.jpg', NULL),
(107, 124, 'media/places/photo_106.jpg', 'media/places_thumbnails/photo_106.jpg', NULL),
(108, 130, 'media/places/photo_107.jpg', 'media/places_thumbnails/photo_107.jpg', NULL),
(109, 130, 'media/places/photo_108.jpg', 'media/places_thumbnails/photo_108.jpg', NULL),
(121, 141, 'media/places/photo_120.jpg', 'media/places_thumbnails/photo_120.jpg', NULL),
(122, 146, 'media/places/photo_121.jpg', 'media/places_thumbnails/photo_121.jpg', NULL),
(123, 154, 'media/places/photo_122.jpg', 'media/places_thumbnails/photo_122.jpg', NULL),
(124, 154, 'media/places/photo_123.jpg', 'media/places_thumbnails/photo_123.jpg', NULL),
(137, 161, 'media/places/photo_136.jpg', 'media/places_thumbnails/photo_136.jpg', NULL),
(138, 161, 'media/places/photo_137.jpg', 'media/places_thumbnails/photo_137.jpg', NULL),
(139, 161, 'media/places/photo_138.jpg', 'media/places_thumbnails/photo_138.jpg', NULL),
(140, 161, 'media/places/photo_139.jpg', 'media/places_thumbnails/photo_139.jpg', NULL),
(141, 161, 'media/places/photo_140.jpg', 'media/places_thumbnails/photo_140.jpg', NULL);

--
-- Zrzut danych tabeli `pnd_place_tags`
--

INSERT INTO `pnd_place_tags` (`id`, `place_id`, `tags_id`) VALUES
(4, 1, 1),
(5, 1, 6),
(6, 1, 7),
(7, 2, 8),
(8, 3, 9),
(9, 3, 10),
(10, 3, 11),
(11, 3, 12),
(12, 3, 13),
(13, 3, 14),
(14, 3, 15),
(15, 3, 16),
(18, 4, 17),
(19, 4, 18),
(20, 4, 63),
(21, 5, 19),
(22, 5, 20),
(23, 5, 21),
(24, 5, 22),
(25, 5, 23),
(26, 6, 2),
(27, 6, 16),
(28, 6, 20),
(29, 6, 23),
(30, 6, 24),
(31, 6, 25),
(32, 6, 26),
(34, 7, 11),
(35, 7, 12),
(36, 7, 30),
(33, 7, 34),
(37, 8, 29),
(40, 9, 11),
(41, 9, 15),
(38, 9, 16),
(39, 9, 17),
(42, 9, 23),
(43, 10, 10),
(45, 10, 21),
(46, 10, 22),
(44, 10, 28),
(48, 11, 2),
(50, 11, 31),
(47, 11, 48),
(54, 12, 11),
(51, 12, 16),
(52, 12, 32),
(53, 12, 34),
(57, 13, 13),
(58, 13, 14),
(59, 13, 15),
(56, 13, 18),
(55, 13, 56),
(61, 14, 1),
(62, 14, 7),
(63, 14, 16),
(64, 14, 20),
(65, 14, 21),
(66, 14, 22),
(60, 14, 32),
(67, 15, 33),
(68, 15, 36),
(69, 16, 1),
(70, 16, 2),
(74, 16, 20),
(76, 16, 28),
(71, 16, 40),
(72, 16, 41),
(73, 16, 42),
(75, 16, 55),
(78, 17, 19),
(77, 17, 34),
(80, 18, 19),
(79, 18, 40),
(81, 18, 55),
(83, 19, 19),
(82, 19, 34),
(85, 20, 1),
(86, 20, 2),
(84, 20, 24),
(87, 20, 44),
(89, 21, 2),
(90, 21, 45),
(88, 21, 65),
(92, 22, 2),
(93, 22, 45),
(91, 22, 65),
(94, 23, 2),
(95, 23, 21),
(96, 23, 47),
(97, 24, 2),
(98, 24, 45),
(99, 24, 47),
(100, 32, 2),
(101, 32, 45),
(102, 32, 47),
(104, 42, 1),
(105, 42, 6),
(103, 42, 48),
(109, 44, 1),
(110, 44, 2),
(111, 44, 6),
(115, 44, 24),
(116, 44, 28),
(112, 44, 41),
(113, 44, 42),
(114, 44, 66),
(117, 48, 2),
(120, 48, 17),
(121, 48, 20),
(122, 48, 21),
(123, 48, 22),
(124, 48, 23),
(125, 48, 28),
(118, 48, 41),
(119, 48, 42),
(128, 49, 7),
(127, 49, 19),
(126, 49, 49),
(132, 62, 22),
(133, 62, 23),
(129, 62, 41),
(130, 62, 42),
(131, 62, 50),
(134, 62, 56),
(135, 62, 61),
(138, 67, 28),
(136, 67, 34),
(137, 67, 51),
(148, 69, 2),
(147, 69, 28),
(149, 69, 52),
(150, 69, 66),
(157, 70, 44),
(158, 70, 53),
(159, 70, 54),
(160, 72, 40),
(162, 72, 52),
(163, 72, 55),
(161, 72, 66),
(166, 73, 2),
(170, 73, 15),
(171, 73, 16),
(172, 73, 17),
(173, 73, 20),
(174, 73, 21),
(175, 73, 22),
(176, 73, 23),
(178, 73, 26),
(179, 73, 28),
(164, 73, 32),
(169, 73, 34),
(167, 73, 41),
(168, 73, 42),
(177, 73, 56),
(165, 73, 64),
(180, 74, 57),
(181, 74, 58),
(191, 75, 2),
(194, 75, 23),
(198, 75, 28),
(199, 75, 31),
(192, 75, 41),
(193, 75, 42),
(196, 75, 48),
(197, 75, 55),
(195, 75, 66),
(203, 76, 17),
(204, 76, 20),
(205, 76, 21),
(206, 76, 22),
(202, 76, 23),
(208, 76, 28),
(209, 76, 30),
(201, 76, 40),
(207, 76, 55),
(200, 76, 66),
(210, 77, 34),
(211, 77, 68),
(212, 77, 69),
(213, 78, 2),
(214, 78, 45),
(215, 78, 47),
(231, 84, 1),
(237, 84, 15),
(238, 84, 17),
(242, 84, 26),
(235, 84, 41),
(236, 84, 42),
(239, 84, 52),
(240, 84, 54),
(232, 84, 70),
(233, 84, 71),
(234, 84, 72),
(241, 84, 73),
(243, 84, 74),
(141, 88, 15),
(142, 88, 17),
(143, 88, 19),
(144, 88, 20),
(145, 88, 23),
(146, 88, 25),
(139, 88, 34),
(140, 88, 44),
(244, 92, 2),
(260, 92, 15),
(254, 92, 17),
(255, 92, 20),
(257, 92, 23),
(259, 92, 26),
(247, 92, 41),
(248, 92, 42),
(253, 92, 45),
(252, 92, 47),
(258, 92, 52),
(251, 92, 66),
(245, 92, 70),
(246, 92, 71),
(256, 92, 73),
(249, 92, 75),
(250, 92, 76),
(266, 93, 17),
(267, 93, 19),
(268, 93, 20),
(269, 93, 23),
(264, 93, 41),
(265, 93, 42),
(261, 93, 66),
(262, 93, 70),
(263, 93, 71),
(273, 96, 10),
(275, 96, 15),
(276, 96, 16),
(277, 96, 17),
(278, 96, 19),
(279, 96, 20),
(280, 96, 21),
(281, 96, 22),
(282, 96, 26),
(270, 96, 32),
(272, 96, 40),
(274, 96, 44),
(283, 96, 59),
(271, 96, 66),
(284, 98, 16),
(286, 98, 31),
(285, 98, 32),
(291, 99, 47),
(289, 99, 65),
(290, 99, 77),
(293, 100, 2),
(294, 100, 47),
(292, 100, 65),
(366, 106, 3),
(152, 107, 2),
(151, 107, 28),
(153, 107, 52),
(154, 107, 66),
(298, 108, 1),
(300, 108, 15),
(301, 108, 20),
(302, 108, 22),
(303, 108, 26),
(299, 108, 41),
(320, 109, 2),
(326, 109, 23),
(328, 109, 28),
(323, 109, 41),
(324, 109, 42),
(327, 109, 57),
(321, 109, 70),
(322, 109, 71),
(325, 109, 78),
(329, 112, 2),
(331, 112, 45),
(330, 112, 75),
(296, 122, 23),
(295, 122, 56),
(297, 122, 71),
(332, 125, 2),
(335, 125, 17),
(336, 125, 23),
(337, 125, 28),
(338, 125, 31),
(333, 125, 41),
(334, 125, 48),
(339, 130, 17),
(341, 130, 20),
(340, 130, 26),
(343, 135, 23),
(344, 135, 45),
(342, 135, 56),
(345, 135, 71),
(354, 138, 11),
(353, 138, 17),
(348, 141, 17),
(349, 141, 20),
(350, 141, 21),
(351, 141, 22),
(352, 141, 26),
(346, 141, 41),
(347, 141, 42),
(358, 143, 23),
(357, 143, 40),
(359, 143, 56),
(360, 143, 61),
(355, 143, 70),
(356, 143, 71),
(361, 146, 61),
(362, 146, 70),
(363, 150, 3),
(364, 151, 3),
(365, 154, 3),
(368, 158, 62),
(367, 158, 80);

--
-- Zrzut danych tabeli `pnd_tags`
--

INSERT INTO `pnd_tags` (`id`, `name`, `icon`, `slug`, `home`, `desc`, `order`) VALUES
(1, 'Pizza', '', 'pizza', 1, 'Zjeść pizze', 1),
(2, 'Piwo', '', 'piwo', 1, 'Wypić piwko', 2),
(3, 'Muzeum', '', 'muzeum', 1, 'Zwiedzić muzeum', 100),
(4, 'Lokalny specjał', '', 'lokalny-specja', 1, 'Spróbować coś lokalnego', 100),
(6, 'Spaghetti', '', 'spaghetti', 0, '', 100),
(7, 'Kuchnia Włoska', '', 'kuchnia-woska', 0, '', 100),
(8, 'Fast Food', '', 'fast-food', 0, '', 100),
(9, 'Life cooking ', '', 'life-cooking', 0, '', 100),
(10, 'Lunch', '', 'lunch', 0, '', 100),
(11, 'Obiad', '', 'obiad', 0, '', 100),
(12, 'Kolacja ', '', 'kolacja', 0, '', 100),
(13, 'Potrawy z jagnięciny', '', 'potrawy-z-jagnieciny', 0, '', 100),
(14, 'Potrawy z baraniny', '', 'potrawy-z-baraniny', 0, '', 100),
(15, 'Potrawy z drobiu', '', 'potrawy-z-drobiu', 0, '', 100),
(16, 'Ryby', '', 'ryby', 0, '', 100),
(17, 'Zupy', '', 'zupy', 0, '', 100),
(18, 'Potrawy orientalne', '', 'potrawy-orientalne', 0, '', 100),
(19, 'Kuchnia Polska', '', 'kuchnia-polska', 0, '', 100),
(20, 'Sałatki', '', 'saatki', 0, '', 100),
(21, 'Przystawki zimne', '', 'przystawki-zimne', 0, '', 100),
(22, 'Przystawki gorące', '', 'przystawki-gorace', 0, '', 100),
(23, 'Desery ', '', 'desery', 0, '', 100),
(24, 'Orginalna shoarma', '', 'orginalna-shoarma', 0, '', 100),
(25, 'Steki', '', 'steki', 0, '', 100),
(26, 'Makarony', '', 'makarony', 0, '', 100),
(28, 'Wina', '', 'wina', 0, '', 100),
(29, 'Kuchnia Staropolska', '', 'kuchnia-staropolska', 0, '', 100),
(30, 'Kuchnia Regionalna', '', 'kuchnia-regionalna', 0, '', 100),
(31, 'Pierogi', '', 'pierogi', 0, '', 100),
(32, 'Owoce morza', '', 'owoce-morza', 0, '', 100),
(33, 'Kuchnia Marokańska', '', 'kuchnia-marokanska', 0, '', 100),
(34, 'Hotel', '', 'hotel', 0, '', 100),
(35, 'Hospel', '', 'hospel', 0, '', 100),
(36, 'Kuchnia Hiszpańska', '', 'kuchnia-hiszpanska', 0, '', 100),
(40, 'Dania wegetariańskie', '', 'dania-wegetarianskie', 0, '', 100),
(41, 'Napoje zimne', '', 'napoje-zimne', 0, '', 100),
(42, 'Napoje gorące', '', 'napoje-gorace', 0, '', 100),
(43, 'Potrawy jarskie', '', 'potrawy-jarskie', 0, '', 100),
(44, 'Dania z grilla', '', 'dania-z-grilla', 0, '', 100),
(45, 'Club', '', 'club', 0, '', 100),
(47, 'Drink-bar', '', 'drink-bar', 0, '', 100),
(48, 'Pierogi z pieca', '', 'pierogi-z-pieca', 0, '', 100),
(49, 'Kuchnia Żydowska', '', 'kuchnia-zydowska', 0, '', 100),
(50, 'Gorąca czekolada', '', 'goraca-czekolada', 0, '', 100),
(51, 'Kuchnia Francuzka', '', 'kuchnia-francuzka', 0, '', 100),
(52, 'Naleśniki', '', 'nalesniki', 0, '', 100),
(53, 'Kuchnia Amerykańska', '', 'kuchnia-amerykanska', 0, '', 100),
(54, 'Kuchnia Meksykańska', '', 'kuchnia-meksykanska', 0, '', 100),
(55, 'Dania bezmięsne', '', 'dania-bezmiesne', 0, '', 100),
(56, 'Kawiarnia', '', 'kawiarnia', 0, '', 100),
(57, 'Sushi', '', 'sushi', 0, '', 100),
(58, 'Kuchnia Japońska', '', 'kuchnia-japonska', 0, '', 100),
(59, 'Kuchnia Indyjska', '', 'kuchnia-indyjska', 0, '', 100),
(61, 'Herbaciarnia', '', 'herbaciarnia', 0, '', 100),
(62, 'Kino', '', 'kino', 0, '', 100),
(63, 'Kuchnia chińska', '', 'kuchnia-chinska', 0, '', 100),
(64, 'Potrawy z wołowiny', '', 'potrawy-z-woowiny', 0, '', 100),
(65, 'Pub', '', 'pub', 0, '', 100),
(66, 'Dania mięsne', '', 'dania-miesne', 0, '', 100),
(68, 'Sala na wynajem', '', 'sala-na-wynajem', 0, '', 100),
(69, 'Imprezy okolicznościowe', '', 'imprezy-okolicznosciowe', 0, '', 100),
(70, 'Herbata', '', 'herbata', 0, '', 100),
(71, 'Kawa', '', 'kawa', 0, '', 100),
(72, 'Kebab', '', 'kebab', 0, '', 100),
(73, 'Gyros', '', 'gyros', 0, '', 100),
(74, 'Shaorma', '', 'shaorma', 0, '', 100),
(75, 'Klub muzyczny', '', 'klub-muzyczny', 0, '', 100),
(76, 'Koncerty', '', 'koncerty', 0, '', 100),
(77, 'Fajka wodna', '', 'fajka-wodna', 0, '', 100),
(78, 'Alkohole', '', 'alkohole', 0, '', 100),
(80, 'Galeria', '', 'galeria', 0, '', 100);
COMMIT;

/*!40101 SET CHARACTER_SET_CLIENT=@OLD_CHARACTER_SET_CLIENT */;
/*!40101 SET CHARACTER_SET_RESULTS=@OLD_CHARACTER_SET_RESULTS */;
/*!40101 SET COLLATION_CONNECTION=@OLD_COLLATION_CONNECTION */;
